<?xml version="1.0" encoding="UTF-8"?>
<project-private xmlns="http://www.netbeans.org/ns/project-private/1">
    <editor-bookmarks xmlns="http://www.netbeans.org/ns/editor-bookmarks/2" lastBookmarkId="0"/>
    <open-files xmlns="http://www.netbeans.org/ns/projectui-open-files/2">
        <group name="GuiaN4POO">
            <file>file:/Users/devm1pro/Documents/utec/POO/GuiaEjercicios4/Problema8/src/pclases/Vendedor.java</file>
            <file>file:/Users/devm1pro/Documents/utec/POO/GuiaEjercicios4/Problema8/src/main.java</file>
        </group>
    </open-files>
</project-private>
